10/3/2017,Fulton,2317 Sargent Place SE Atlanta, Georgia,30315
10/3/2017,Clayton,9117 Fairfield Approach Jonesboro, Georgia,30236
10/3/2017,Clayton,7062 Green Valley Lane Riverdale, Georgia,30274
10/3/2017,Gwinnett,121 Oak Vista Court Lawrenceville, Georgia,30044
10/3/2017,Houston,252 BayBerry Drive Byron, Georgia,31008
10/3/2017,Colquitt,1162 Edward Warren Road Lenox, Georgia,31637
10/3/2017,Cobb,4399 Thorngate Lane Acworth, Georgia,30101
10/3/2017,Laurens,2745 Lovers Lane Cadwell, Georgia,31009
10/3/2017,Glynn,124 Juliette Circle Brunswick, Georgia,31525
10/3/2017,Cobb,400 Windcroft Circle NW Acworth, Georgia,30101
10/3/2017,Gwinnett,3460 Brushy Wood Drive Loganville, Georgia,30052
10/3/2017,Barrow,498 Cedar Ridge Drive Winder, Georgia,30680
10/3/2017,Bulloch,8391 Kennedy Bridge Road Register, Georgia,30452
10/3/2017,Fulton,9490 Riverclub Parkway Duluth, Georgia,30097
10/3/2017,Gwinnett,647 Saranel Court Lawrenceville, Georgia,30043
10/3/2017,Cherokee,804 Song Bird Court Woodstock, Georgia,30188
10/3/2017,Fulton,10320 Crescent Ridge Drive Roswell, Georgia,30076
10/3/2017,Newton,40 Kirkland Meadows Covington, Georgia,30016
10/3/2017,Henry,101 Osprey Circle Stockbridge, Georgia,30281
10/3/2017,Irwin,1004 Union Street Ocilla, Georgia,31774
10/3/2017,Rockdale,2609 Hollow Pine Conyers, Georgia,30094
10/3/2017,Polk,74 Main Line Road Rockmart, Georgia,30153
10/3/2017,Walker,47 Talley Spur Rossville, Georgia,30741
10/3/2017,Camden,233 Edgewater Drive Saint Marys, Georgia,31558
10/3/2017,Cobb,4275 Sanders Road Powder Springs, Georgia,30127
10/3/2017,Camden,101 Sugar Maple Way Kingsland, Georgia,31548
10/3/2017,Gwinnett,4200 Ruby Forest Boulevard Suwanee, Georgia,30024
10/3/2017,Houston,121 Lavendar Lane Perry, Georgia,31069
10/3/2017,Camden,202 Sunnyside Drive Saint Marys, Georgia,31558
10/3/2017,Cobb,1168 Catalina Court Marietta, Georgia,30066
10/3/2017,Fulton,620 Peachtree Street NE Apt 912 Atlanta, Georgia,30308
10/3/2017,Camden,500 Hunt Club Road Saint Marys, Georgia,31558
10/3/2017,Pike,526 Chandelle Lane Williamson, Georgia,30292
10/3/2017,Richmond,3500 Andover Drive Hephzibah, Georgia,30815
10/3/2017,Putnam,139 Forest Hill Drive Eatonton, Georgia,31024
10/3/2017,Barrow,722 Crestview Drive Bethlehem, Georgia,30620
10/3/2017,Barrow,25 Huckleberry Lane Winder, Georgia,30680
10/3/2017,Bibb,3709 David Drive Macon, Georgia,31216
10/3/2017,Brooks,84 Cherokee Drive Valdosta, Georgia,31605
10/3/2017,Carroll,333 Laurel Lane Carrollton, Georgia,30116
10/3/2017,Catoosa,67 Creekview Drive Ringgold, Georgia,30736
10/3/2017,Chatham,4013 Campbell Street Savannah, Georgia,31405
10/3/2017,Chatham,110 Baldpate Road Bloomingdale, Georgia,31302
10/3/2017,Chatham,102 Ridgecrest Street Pooler, Georgia,31322
10/3/2017,Cherokee,404 Genevieve Drive Canton, Georgia,30114
10/3/2017,Clayton,11972 Red Ivy Lane Fayetteville, Georgia,30215
10/3/2017,Clayton,2703 Holly Berry Drive Ellenwood, Georgia,30294
10/3/2017,Clayton,531 Woodknoll Court Jonesboro, Georgia,30238
10/3/2017,Clayton,7424 Garnet Drive Jonesboro, Georgia,30236
10/3/2017,Cobb,4971 Valley Lake Road,Austell, Georgia,30106
10/3/2017,Cobb,5705 Hiram Lithia Springs Powder Springs, Georgia,30127
10/3/2017,Dawson,144 Coltrane Road Dawsonville, Georgia,30534
10/3/2017,DeKalb,495 Shadow Valley Court Lithonia, Georgia,30058
10/3/2017,DeKalb,5447 Brandon Court Stone Mountain, Georgia,30088
10/3/2017,DeKalb,6208 Saint Charles Court Lithonia, Georgia,30058
10/3/2017,Floyd,11 South Hughes Street SW Rome, Georgia,30165
10/3/2017,Fulton,157 Maribeau Square NW Atlanta, Georgia,30327
10/3/2017,Fulton,3015 Carriage Lane College Park, Georgia,30349
10/3/2017,Fulton,4315 Pompey Drive SW Atlanta, Georgia,30331
10/3/2017,Gilmer,53 Cherokee Spring Trail Cherry Log, Georgia,30522
10/3/2017,Gilmer,428 Pen Drive Ellijay, Georgia,30540
10/3/2017,Glynn,154 Todd Drive Brunswick, Georgia,31520
10/3/2017,Gwinnett,2072 Executive Drive Duluth, Georgia,30096
10/3/2017,Gwinnett,6038 Eagles Rest Trail Sugar Hill, Georgia,30518
10/3/2017,Gwinnett,3247 Sunlit Path Dacula, Georgia,30019
10/3/2017,Habersham,300 Chuckwagon Road Demorest, Georgia,30535
10/3/2017,Henry,270 Lawrenceville Street McDonough, Georgia,30253
10/3/2017,Houston,604 Alexis Way Bonaire, Georgia,31005
10/3/2017,Houston,1817 Macon Road Perry, Georgia,31069
10/3/2017,Liberty,157 Sycamore Way Midway, Georgia,31320
10/3/2017,Liberty,1229 Langston Lane Hinesville, Georgia,31313
10/3/2017,Lowndes,1505 Grove Street Valdosta, Georgia,31601
10/3/2017,Lowndes,6404 Good Hope Circle Naylor, Georgia,31641
10/3/2017,Lumpkin,48 Elba Court Dahlonega, Georgia,30533
10/3/2017,Marion,318 Ga Hwy 137 West Buena Vista, Georgia,31803
10/3/2017,Muscogee,5430 Wayne Drive Columbus, Georgia,31909
10/3/2017,Muscogee,3439 Doyle Avenue Columbus, Georgia,31907
10/3/2017,Newton,355 Longcreek Drive Covington, Georgia,30016
10/3/2017,Paulding,153 Vine Creek Point Acworth, Georgia,30101
10/3/2017,Paulding,66 Alma Drive Dallas, Georgia,30157
10/3/2017,Paulding,104 Deerfield Drive Hiram, Georgia,30141
10/3/2017,Peach,419 Valley View Drive Fort Valley, Georgia,31030
10/3/2017,Richmond,3614 Melbourne Drive Augusta, Georgia,30906
10/3/2017,Richmond,844 Barnes Street Augusta, Georgia,30901
10/3/2017,Richmond,1903 Carvers Court Hephzibah, Georgia,30815
10/3/2017,Richmond,1811 Harcourt Drive Hephzibah, Georgia,30815
10/3/2017,Richmond,2659 York Drive Augusta, Georgia,30909
10/3/2017,Rockdale,2076 Moon Drive SW Conyers, Georgia,30094
10/3/2017,Troup,106 Sweetwater Court Lagrange, Georgia,30240
10/3/2017,Cobb,2237 Asquith Avenue SW Marietta, Georgia,30008
10/3/2017,Fulton,5688 Sable Way Atlanta, Georgia,30349
10/3/2017,Clayton,11192 Hemlock Road Hampton, Georgia,30228
10/3/2017,Fulton,3744 Shenfield Drive Union City, Georgia,30291
10/3/2017,Henry,216 Johns Creek Lane Stockbridge, Georgia,30281
10/3/2017,Houston,120 Northeast Drive Warner Robins, Georgia,31093
10/3/2017,Rockdale,818 Cambridge Creek Drive SW Conyers, Georgia,30094
10/3/2017,Effingham,4 Del A Rae Circle Guyton, Georgia,31312
10/3/2017,Henry,227 Millstone Drive Hampton, Georgia,30228
10/3/2017,Gwinnett,3253 Bonita Way Buford, Georgia,30519
10/3/2017,Rockdale,2052 Lake Rockaway Road NW Conyers, Georgia,30012
10/3/2017,Fulton,2356 Ridgecrest Lane Atlanta, Georgia,30344
10/3/2017,Clayton,8093 Crane Road Jonesboro, Georgia,30236
10/3/2017,Gwinnett,3232 Kibbe Court Lawrenceville, Georgia,30044
10/3/2017,Cobb,4050 Ophie Drive NE Marietta, Georgia,30066
10/3/2017,Muscogee,3646 Stratford Drive Columbus, Georgia,31906
10/3/2017,Douglas,6470 Fortress Drive Douglasville, Georgia,30135
10/3/2017,Fulton,282 Willis Mill Road SW Atlanta, Georgia,30311
10/3/2017,Laurens,1609 Clinton Drive Dublin, Georgia,31021
10/3/2017,Fulton,3990 Demooney Road Atlanta, Georgia,30349
10/3/2017,Gwinnett,641 Langley Farms Drive Loganville, Georgia,30052
10/3/2017,Bryan,3445 GA Highway 67 N Pembroke, Georgia,31321
10/3/2017,DeKalb,4629 Grand Central Parkway Decatur, Georgia,30035
10/3/2017,Twiggs,9669 Adams Park Road Dry Branch, Georgia,31020
10/3/2017,McDuffie,1744 Elizabeth Drive Thomson, Georgia,30824
10/3/2017,Jefferson,3494 Zebina Road Wrens, Georgia,30833
10/3/2017,Lee,121 Buckston Trace Lane Leesburg, Georgia,31763
10/3/2017,Chatham,213 Lakepointe Drive Pooler, Georgia,31322
10/3/2017,Liberty,964 Timbers Way Hinesville, Georgia,31313
10/3/2017,DeKalb,911 Masters Walk Stone Mountain, Georgia,30087
10/3/2017,Cherokee,325 Balaban Circle Woodstock, Georgia,30188
10/3/2017,Polk,1390 Bellview Road Rockmart, Georgia,30153
10/3/2017,Chattooga,186 Maffett Street Trion, Georgia,30753
10/3/2017,Fulton,706 Brookline Street SW Atlanta, Georgia,30310
10/3/2017,Gwinnett,6159 Bellewood Ash Lane Tucker, Georgia,30084
10/3/2017,Spalding,464 Lakeside Drive Williamson, Georgia,30292
10/3/2017,Cobb,368 Floyd Street SE Smyrna, Georgia,30082
10/3/2017,Richmond,607 Westbury Drive Augusta, Georgia,30909
10/3/2017,Columbia,240 Hot Springs Drive Grovetown, Georgia,30813
10/3/2017,Fulton,5289 Lexmark Circle SW Atlanta, Georgia,30331
10/3/2017,Gwinnett,441 Double Creek Drive Lawrenceville, Georgia,30045
10/3/2017,Fulton,304 Pennant Lane Fairburn, Georgia,30213
10/3/2017,Fulton,3945 Pittman Road Atlanta, Georgia,30349
10/3/2017,DeKalb,2629 Preston Drive Decatur, Georgia,30034
10/3/2017,Liberty,1448 Enterprise Drive Hinesville, Georgia,31313
10/3/2017,Fulton,2826 Windsor Forrest Court College Park, Georgia,30349
10/3/2017,Cobb,3224 Creek Trace W Powder Springs, Georgia,30127
10/3/2017,Jackson,203 Hunters Glen Maysville, Georgia,30558
10/3/2017,Fulton,15 Gould Street SE Atlanta, Georgia,30315
10/3/2017,Glynn,1000 Egmont Street Brunswick, Georgia,31520
10/3/2017,Muscogee,4693 Old Cusseta Road Columbus, Georgia,31903
10/3/2017,DeKalb,2819 Hillside Way Decatur, Georgia,30034
10/3/2017,Fulton,140 Milam Way Fairburn, Georgia,30213
10/3/2017,Fulton,2700 Tanglewood Trail Atlanta, Georgia,30344
10/3/2017,Fulton,4517 Swan Trace College Park, Georgia,30349
10/3/2017,Douglas,3183 Lower Creek Dr Douglasville, Georgia,30135
10/3/2017,Coweta,6 Valencia Lane Newnan, Georgia,30263
10/3/2017,Hall,3496 Point View Circle Gainesville, Georgia,30506
10/3/2017,Evans,613 Perkins Mill Road Claxton, Georgia,30417
10/3/2017,Forsyth,6580 Akins Way Cumming, Georgia,30041
10/3/2017,Bryan,71 Still Meadows Bend Richmond Hill, Georgia,31324
10/3/2017,Jasper,58 Ashwood Drive Mansfield, Georgia,30055
10/3/2017,Richmond,2223 Norman Street Augusta, Georgia,30904
10/3/2017,Henry,701 Trace Court Locust Grove, Georgia,30248
10/3/2017,Newton,50 Blue Grass Way Oxford, Georgia,30054
10/3/2017,Whitfield,1128 Holly Grove Circle NE Dalton, Georgia,30721
10/3/2017,Paulding,170 Steeple Chase Trail Dallas, Georgia,30132
10/3/2017,Houston,203 Chisom Trail Bonaire, Georgia,31005
10/3/2017,Coffee,1246 Bryan Street West Douglas, Georgia,31533
10/3/2017,Fulton,10835 Carrara Cove Alpharetta, Georgia,30022
10/3/2017,Union,90 Suches View Drive Suches, Georgia,30572
10/3/2017,Bibb,531 Moss Hill Macon, Georgia,31204
10/3/2017,Columbia,127 Glenora Drive Martinez, Georgia,30907
10/3/2017,Douglas,4240 Hampton Mill Parkway Douglasville, Georgia,30135
10/3/2017,Clayton,5125 Old Grant Road Ellenwood, Georgia,30294
10/3/2017,Newton,200 Overlook Drive Covington, Georgia,30016
10/3/2017,Gwinnett,2949 Heart Pine Way Buford, Georgia,30519
10/3/2017,Hall,3048 Burton Circle Gainesville, Georgia,30507
10/3/2017,Twiggs,9104 Old Gordan Road Macon, Georgia,31044
10/3/2017,Clayton,928 Brookside Court Jonesboro, Georgia,30236
10/3/2017,Chattahoochee,128 Trotters Ridge Cusseta, Georgia,31805-4104
10/3/2017,Clarke,213 Georgetown Drive B7 Athens, Georgia,30605
10/3/2017,Clayton,1540 Bogota Way Jonesboro, Georgia,30236
10/3/2017,Clayton,10436 Irongate Lane Jonesboro, Georgia,30238
10/3/2017,Cobb,63 Gladstone Drive SW Marietta, Georgia,30060
10/3/2017,Cobb,3136 Delacorte Drive Acworth, Georgia,30101
10/3/2017,Cobb,3786 Ashwood Drive SE Smyrna, Georgia,30080
10/3/2017,Coffee,9109 Bowens Mill Road Broxton, Georgia,31519
10/3/2017,Coweta,35 Cherub Lane Sharpsburg, Georgia,30277
10/3/2017,DeKalb,3396 Spring Meadow Court Tucker, Georgia,30084
10/3/2017,Douglas,1810 Thrasher Court Austell, Georgia,30168
10/3/2017,Gwinnett,5914 Brookside Oak Circle Norcross, Georgia,30093
10/3/2017,Gwinnett,1211 Summit Links Court Snellville, Georgia,30078
10/3/2017,Houston,119 Kentshire Lane Bonaire, Georgia,31005
10/3/2017,Liberty,617 Palmetto Trace Hinesville, Georgia,31313
10/3/2017,Muscogee,2810 Walker Street Columbus, Georgia,31903
10/3/2017,Walker,1729 Wood Nymph Trail Lookout Mountain, Georgia,30750
10/3/2017,Whitfield,4005 Woodline Drive Dalton, Georgia,30721
10/3/2017,Fulton,199 14th Street NE Apt. 603 Atlanta, Georgia,30309
10/3/2017,Chatham,4103 7th Street Garden City, Georgia,31408
10/3/2017,Clayton,6234 San Juan Street Forest Park, Georgia,30297
10/3/2017,Clayton,1082 N Parkwood Drive Forest Park, Georgia,30297
10/3/2017,Coweta,145 Grand Junction Sharpsburg, Georgia,30277
10/3/2017,Fulton,171 Mathewson Place SW Atlanta, Georgia,30314
